CSA2010,NSA2010
Allendale/Irvington/South Hilton,Allendale
Allendale/Irvington/South Hilton,Carroll-South Hilton
Allendale/Irvington/South Hilton,Gwynns Falls
Allendale/Irvington/South Hilton,Irvington
Allendale/Irvington/South Hilton,Lower Edmondson Village
Allendale/Irvington/South Hilton,Saint Josephs
Allendale/Irvington/South Hilton,Uplands
Allendale/Irvington/South Hilton,Yale Heights
Beechfield/Ten Hills/West Hills,Beechfield
Beechfield/Ten Hills/West Hills,Hunting Ridge
Beechfield/Ten Hills/West Hills,Ten Hills
Beechfield/Ten Hills/West Hills,Tremont
Beechfield/Ten Hills/West Hills,West Hills
Beechfield/Ten Hills/West Hills,Westgate
Belair-Edison,Belair-Edison
Belair-Edison,Clifton Park
Belair-Edison,Four By Four
Belair-Edison,Herring Run Park
Belair-Edison,Mayfield
Brooklyn/Curtis Bay/Hawkins Point,Brooklyn
Brooklyn/Curtis Bay/Hawkins Point,Curtis Bay
Brooklyn/Curtis Bay/Hawkins Point,Curtis Bay Industrial Area
Brooklyn/Curtis Bay/Hawkins Point,Fairfield Area
Brooklyn/Curtis Bay/Hawkins Point,Hawkins Point
Canton,Canton
Canton,Patterson Park
Cedonia/Frankford,Cedmont
Cedonia/Frankford,Cedonia
Cedonia/Frankford,Frankford
Cedonia/Frankford,Parkside
Cherry Hill,Cherry Hill
Cherry Hill,Middle Branch/Reedbird Parks
Chinquapin Park/Belvedere,Belvedere
Chinquapin Park/Belvedere,Cameron Village
Chinquapin Park/Belvedere,Chinquapin Park
Chinquapin Park/Belvedere,Evesham Park
Chinquapin Park/Belvedere,Lake Walker
Chinquapin Park/Belvedere,Mid-Govans
Claremont/Armistead,Armistead Gardens
Claremont/Armistead,Orchard Ridge
Clifton-Berea,Berea
Clifton-Berea,Biddle Street
Clifton-Berea,Broadway East
Clifton-Berea,Darley Park
Clifton-Berea,South Clifton Park
Cross-Country/Cheswolde,Cheswolde
Cross-Country/Cheswolde,Cross Country
Dickeyville/Franklintown,Dickeyville
Dickeyville/Franklintown,Franklintown
Dickeyville/Franklintown,Purnell
Dickeyville/Franklintown,Wakefield
Dorchester/Ashburton,Ashburton
Dorchester/Ashburton,Callaway-Garrison
Dorchester/Ashburton,Central Forest Park
Dorchester/Ashburton,Dolfield
Dorchester/Ashburton,Dorchester
Dorchester/Ashburton,East Arlington
Downtown/Seton Hill,Downtown
Downtown/Seton Hill,Seton Hill
Downtown/Seton Hill,University of Maryland
Edmondson Village,Edgewood
Edmondson Village,Edmondson Village
Edmondson Village,Gwynns Falls/Leakin Park
Edmondson Village,Rognel Heights
Fells Point,Butcher's Hill
Fells Point,Fells Point
Fells Point,Upper Fells Point
Forest Park/Walbrook,Concerned Citizens Of Forest Park
Forest Park/Walbrook,Fairmont
Forest Park/Walbrook,Forest Park
Forest Park/Walbrook,Garwyn Oaks
Forest Park/Walbrook,Mount Holly
Forest Park/Walbrook,West Forest Park
Forest Park/Walbrook,Windsor Hills
Glen-Falstaff,Fallstaff
Glen-Falstaff,Glen
Glen-Falstaff,Reisterstown Station
Glen-Falstaff,Woodmere
Greater Charles Village/Barclay,Abell
Greater Charles Village/Barclay,Barclay
Greater Charles Village/Barclay,Charles Village
Greater Charles Village/Barclay,Harwood
Greater Charles Village/Barclay,Johns Hopkins Homewood
Greater Charles Village/Barclay,Oakenshawe
Greater Charles Village/Barclay,Old Goucher
Greater Govans,Kenilworth Park
Greater Govans,Pen Lucy
Greater Govans,Richnor Springs
Greater Govans,Wilson Park
Greater Govans,Winston-Govans
Greater Govans,Woodbourne-McCabe
Greater Govans,Wrenlane
Greater Mondawmin,Burleith-Leighton
Greater Mondawmin,Hanlon-Longwood
Greater Mondawmin,Liberty Square
Greater Mondawmin,Mondawmin
Greater Mondawmin,Panway/Braddish Avenue
Greater Mondawmin,Walbrook
Greater Roland Park/Poplar Hill,Cross Keys
Greater Roland Park/Poplar Hill,Evergreen
Greater Roland Park/Poplar Hill,Keswick
Greater Roland Park/Poplar Hill,North Roland Park/Poplar Hill
Greater Roland Park/Poplar Hill,Roland Park
Greater Roland Park/Poplar Hill,Wyndhurst
Greater Rosemont,Bridgeview/Greenlawn
Greater Rosemont,Coppin Heights/Ash-Co-East
Greater Rosemont,Evergreen Lawn
Greater Rosemont,Franklintown Road
Greater Rosemont,Mosher
Greater Rosemont,Northwest Community Action
Greater Rosemont,Rosemont
Greater Rosemont,Rosemont Homewoners/Tenants
Greater Rosemont,Winchester
Greenmount East,Greenmount Cemetery
Greenmount East,Johnston Square
Greenmount East,Oliver
Hamilton,Glenham-Belford
Hamilton,Rosemont East
Hamilton,Westfield
Harbor East/Little Italy,Jonestown
Harbor East/Little Italy,Little Italy
Harbor East/Little Italy,Perkins Homes
Harbor East/Little Italy,Washington Hill
Harford/Echodale,Harford-Echodale/Perring Parkway
Harford/Echodale,North Harford Road
Harford/Echodale,Overlea
Harford/Echodale,Taylor Heights
Highlandtown,Brewers Hill
Highlandtown,Highlandtown
Howard Park/West Arlington,Forest Park Golf Course
Howard Park/West Arlington,Grove Park
Howard Park/West Arlington,Howard Park
Howard Park/West Arlington,Seton Business Park
Howard Park/West Arlington,West Arlington
Inner Harbor/Federal Hill,Downtown West
Inner Harbor/Federal Hill,Federal Hill
Inner Harbor/Federal Hill,Inner Harbor
Inner Harbor/Federal Hill,Otterbein
Inner Harbor/Federal Hill,Ridgely's Delight
Inner Harbor/Federal Hill,Riverside
Inner Harbor/Federal Hill,Sharp-Leadenhall
Inner Harbor/Federal Hill,South Baltimore
Inner Harbor/Federal Hill,Stadium Area
Lauraville,Arcadia
Lauraville,Belair-Parkside
Lauraville,Beverly Hills
Lauraville,Lauraville
Lauraville,Moravia-Walther
Lauraville,Morgan Park
Lauraville,Waltherson
Loch Raven,Glen Oaks
Loch Raven,Idlewood
Loch Raven,Loch Raven
Loch Raven,Mt. Pleasant Park
Loch Raven,Ramblewood
Loch Raven,Woodbourne Heights
Madison/East End,Madison-Eastend
Madison/East End,McElderry Park
Madison/East End,Milton-Montford
Medfield/Hampden/Woodberry/Remington,Hampden
Medfield/Hampden/Woodberry/Remington,Hoes Heights
Medfield/Hampden/Woodberry/Remington,Jones Falls Area
Medfield/Hampden/Woodberry/Remington,Medfield
Medfield/Hampden/Woodberry/Remington,Remington
Medfield/Hampden/Woodberry/Remington,Woodberry
Medfield/Hampden/Woodberry/Remington,Wyman Park
Midtown,Bolton Hill
Midtown,Charles North
Midtown,Greenmount West
Midtown,Mid-Town Belvedere
Midtown,Mount Vernon
Midway/Coldstream,Coldstream Homestead Montebello
Midway/Coldstream,East Baltimore Midway
Morrell Park/Violetville,Morrell Park
Morrell Park/Violetville,Oaklee
Morrell Park/Violetville,Saint Agnes
Morrell Park/Violetville,Saint Paul
Morrell Park/Violetville,Violetville
Morrell Park/Violetville,Wilhelm Park
Mt. Washington/Coldspring,Coldspring
Mt. Washington/Coldspring,Mt. Washington
Mt. Washington/Coldspring,Sabina-Mattfeldt
North Baltimore/Guilford/Homeland,Bellona-Gittings
North Baltimore/Guilford/Homeland,Blythewood
North Baltimore/Guilford/Homeland,Cedarcroft
North Baltimore/Guilford/Homeland,Guilford
North Baltimore/Guilford/Homeland,Homeland
North Baltimore/Guilford/Homeland,Kernewood
North Baltimore/Guilford/Homeland,Lake Evesham
North Baltimore/Guilford/Homeland,Loyola/Notre Dame
North Baltimore/Guilford/Homeland,Radnor-Winston
North Baltimore/Guilford/Homeland,Rosebank
North Baltimore/Guilford/Homeland,The Orchards
North Baltimore/Guilford/Homeland,Tuscany-Canterbury
North Baltimore/Guilford/Homeland,Villages Of Homeland
North Baltimore/Guilford/Homeland,York-Homeland
Northwood,Hillen
Northwood,Montebello
Northwood,Morgan State University
Northwood,New Northwood
Northwood,Original Northwood
Northwood,Perring Loch
Northwood,Stonewood-Pentwood-Winston
Oldtown/Middle East,CARE
Oldtown/Middle East,Dunbar-Broadway
Oldtown/Middle East,Gay Street
Oldtown/Middle East,Middle East
Oldtown/Middle East,Oldtown
Oldtown/Middle East,Penn-Fallsway
Oldtown/Middle East,Pleasant View Gardens
Orangeville/East Highlandtown,Baltimore Highlands
Orangeville/East Highlandtown,Bayview
Orangeville/East Highlandtown,Eastwood
Orangeville/East Highlandtown,Greektown
Orangeville/East Highlandtown,Hopkins Bayview
Orangeville/East Highlandtown,Kresson
Orangeville/East Highlandtown,Orangeville
Orangeville/East Highlandtown,Orangeville Industrial Area
Orangeville/East Highlandtown,Pulaski Industrial Area
Patterson Park North & East,Ellwood Park/Monument
Patterson Park North & East,Patterson Park Neighborhood
Patterson Park North & East,Patterson Place
Penn North/Reservoir Hill,Druid Hill Park
Penn North/Reservoir Hill,Parkview/Woodbrook
Penn North/Reservoir Hill,Penn North
Penn North/Reservoir Hill,Reservoir Hill
Pimlico/Arlington/Hilltop,Arlington
Pimlico/Arlington/Hilltop,Central Park Heights
Pimlico/Arlington/Hilltop,Cylburn
Pimlico/Arlington/Hilltop,Langston Hughes
Pimlico/Arlington/Hilltop,Levindale
Pimlico/Arlington/Hilltop,Pimlico Good Neighbors
Poppleton/The Terraces/Hollins Market,Hollins Market
Poppleton/The Terraces/Hollins Market,Poppleton
Sandtown-Winchester/Harlem Park,Easterwood
Sandtown-Winchester/Harlem Park,Harlem Park
Sandtown-Winchester/Harlem Park,Midtown-Edmondson
Sandtown-Winchester/Harlem Park,Sandtown-Winchester
South Baltimore,Locust Point
South Baltimore,Locust Point Industrial Area
South Baltimore,Port Covington
Southeastern,Canton Industrial Area
Southeastern,Dundalk Marine Terminal
Southeastern,Graceland Park
Southeastern,Holabird Industrial Park
Southeastern,Medford
Southeastern,O'Donnell Heights
Southeastern,Saint Helena
Southeastern,Spring Garden Industrial Area
Southern Park Heights,Greenspring
Southern Park Heights,Lucille Park
Southern Park Heights,Park Circle
Southern Park Heights,Parklane
Southern Park Heights,Towanda-Grantley
Southwest Baltimore,Booth-Boyd
Southwest Baltimore,Carrollton Ridge
Southwest Baltimore,Franklin Square
Southwest Baltimore,Millhill
Southwest Baltimore,New Southwest/Mt. Clare
Southwest Baltimore,Penrose/Fayette Street Outreach
Southwest Baltimore,Shipley Hill
Southwest Baltimore,Union Square
The Waverlies,Better Waverly
The Waverlies,Ednor Gardens-Lakeside
The Waverlies,Waverly
Upton/Druid Heights,Druid Heights
Upton/Druid Heights,Heritage Crossing
Upton/Druid Heights,Madison Park
Upton/Druid Heights,Upton
Washington Village/Pigtown,Barre Circle
Washington Village/Pigtown,Caroll-Camden Industrial Area
Washington Village/Pigtown,Carroll Park
Washington Village/Pigtown,Washington Village/Pigtown
Westport/Mt. Winans/Lakeland,Lakeland
Westport/Mt. Winans/Lakeland,Mt. Winans
Westport/Mt. Winans/Lakeland,Westport
,